166,156,34,29,13,255,192,23,219,51,166,0,180,181,224,231,18,43,107,106,214,8,214,241,126,6,220,20,251,12,235,51,33,129,50,87,181,43,176,154,198,11,215,201,109,47,238,227,252,37,114,1,5,158,33,153,206,10,244,41,237,94,42,33,80,235,215,220,138,100,189,242,78,111,196,214,24,176,247,248,16,190,227,211,142,39,118,65,209,225,126,197,188,222,163,132,19,189,67,100,197,74,99,113,41,245,253,207,41,166,2,218,214,165,63,106,69,123,237,30,205,121,210,35,70,169,243,137,19,54,82,133,137,119,202,216,187,21,136,186,135,66,207,18,182,109,79,88,162,171,94,151,217,47,77,223,219,75,238,41,14,185,172,78,155,83,32,109,68,158,61,124,205,12,137,175,23,147,19,212,8,222,152,222,5,48,131,208,12,80,34,151,221,95,104,184,1,206,89,216,239,89,104,200,83,195,92,103,154,13,15,179,24,37,123,103,52,142,236,6,54,108,209,211,40,177,114,243,66,6,137,19,35,18,78,149,233,246,106,163,7,128,51,55,9,223,83,17,126,181,24,174,148,126,13,250,172,240,116,225,232,72,111,238,220,137,168,21,154,49,224,42,90,185,250,205,11,7,195,209,246,190,63,134,146,160,168,53,92,121,175,95,225,114,164,204,192,100,120,131,201,113,145,12,201,145,253,209,94,238,67,62,244,216,56,226,85,222,119,37,197,206,105,165,248,187,68,223,246,135,46,14,149,243,183,183,59,121,199,170,75,81,205,32,239,184,178,239,237,165,120,196,146,213,42,206,15,38,28,192,108,37,178,196,88,218,98,145,74,124,186,181,93,178,228,198,35,169,47,128,256,31,39,97,23,28,161,82,178,252,115,205,168,18,221,131,154,182,85,79,241,173,242,157,125,130,162,124,21,22,194,102,229,207,143,241,125,232,107,154,92,207,111,239,27,246,226,177,246,75,188,140,82,224,139,154,107,20,22,111,218,72,168,18,29,67,83,81,182,219,20,154,102,3,172,184,36,145,156,47,30,221,173,183,184,176,33,145,208,188,150,1,36,125,132,154,225,66,188,195,194,153,36,222,220,186,134,226,70,251,67,119,16,236,42,62,95,197,86,61,177,28,220,199,151,34,235,91,197,64,111,143,132,148,108,243,52,51,167,22,21,253,166,136,20,251,198,117,70,156,251,23,161,202,49,227,23,159,57,89,182,207,41,48,197,201,36,123,214,28,187,171,100,213,186,194,223,150,115,29,160,106,151,176,103,70,17,210,69,229,170,23,27,60,24,142,22,214,99,225,33,71,184,172,152,17,246,2,237,4,241,22,178,142,180,147,78,208,234,115,244,159,59,223,10,205,59,69,86,213,249,101,123,50,86,163,188,254,6,47,143,186,238,188,46,89,153,243,40,85,194,215,60,69,179,95,108,141,182,81,100,179,149,188,111,36,0,197,10,168,58,157,91,211,52,232,223,181,254,10,103,139,145,219,125,61,21,91,59,106,69,63,20,197,166,108,230,238,175,198,198,150,207,52,84,39,153,221,10,224,192,19,15,109,78,11,0,73,184,194,11,162,88,45,85,252,217,76,244,140,102,135,6,236,149,30,190,208,79,212,163,243,227,143,177,45,79,143,211,235,177,24,115,90,229,164,204,68,214,122,19,99,227,124,109,228,189,1,177,118,40,195,163,148,215,14,51,184,238,81,61,158,115,149,121,151,41,144,5,181,170,206,232,156,14,53,184,161,186,72,215,159,182,166
190,150,249,179,46,148,252,117,58,66,158,116,218,216,249,48,190,236,73,247,52,2,222,120,217,25,131,227,225,189,251,155,145,19,187,209,75,222,11,188,196,98,44,115,180,168,82,213,42,38,199,37,136,12,214,179,101,176,36,252,13,237,185,179,66,234,133,210,30,152,99,138,110,21,56,208,177,239,229,225,189,210,174,98,104,243,151,139,201,254,45,98,40,191,171,191,173,253,21,106,15,40,152,200,245,180,155,245,129,14,13,186,233,233,27,164,128,109,205,34,51,126,56,126,24,15,13,106,15,231,233,139,68,27,228,72,189,20,28,124,125,71,58,26,39,111,144,50,150,187,68,100,223,147,137,242,20,209,38,221,238,37,90,6,170,28,166,222,10,231,173,3,223,155,102,135,151,242,149,187,18,39,186,161,144,191,87,10,138,221,21,216,22,137,154,175,100,210,39,20,191,188,191,88,205,131,232,101,31,40,128,128,256,199,22,71,156,58,143,10,1,71,35,228,40,36,89,248,221,15,113,164,187,33,196,95,39,113,66,143,67,135,253,154,127,48,15,243,115,87,125,118,21,94,218,169,86,244,81,37,82,58,5,201,253,212,55,149,153,71,73,89,156,23,105,36,77,66,137,213,156,246,155,6,166,61,31,180,110,225,95,133,126,237,207,24,98,77,162,168,191,6,245,23,244,45,54,157,191,200,161,96,31,170,76,241,115,171,89,193,82,116,132,131,15,179,147,94,240,147,32,22,166,88,23,44,243,192,161,227,87,134,56,239,231,120,74,104,6,135,234,21,66,61,63,74,153,38,111,250,166,219,128,53,80,55,228,35,107,113,28,85,125,73,50,79,132,7,141,100,36,244,55,93,238,159,256,37,237,242,96,179,226,108,87,249,24,96,52,68,137,237,78,116,21,68,31,183,226,217,206,243,92,184,244,61,152,128,134,243,82,59,123,59,103,70,147,191,165,191,212,38,205,148,41,249,202,205,95,90,53,247,7,27,233,80,23,192,23,27,188,112,3,254,235,23,155,181,77,83,67,133,34,180,52,152,151,240,186,121,168,124,87,212,37,199,12,86,108,230,140,65,63,11,59,33,204,173,141,148,183,107,107,7,171,139,51,33,214,38,31,43,217,246,194,123,54,122,159,57,103,2,101,43,38,252,189,159,153,190,249,36,20,247,89,11,177,126,24,36,200,118,121,110,150,252,76,95,58,93,138,36,35,49,69,237,78,238,190,29,186,248,29,169,227,33,201,172,179,226,115,242,2,24,80,67,202,29,123,217,34,58,92,192,1,146,248,189,87,115,63,45,2,58,106,218,180,118,144,122,137,14,188,144,154,122,86,41,230,81,47,151,94,165,214,247,108,80,108,198,238,7,185,254,208,107,20,134,76,60,128,53,19,226,79,211,5,24,80,25,119,0,17,195,158,168,216,45,231,131,9,79,182,127,131,84,236,224,98,253,104,104,190,234,245,36,228,231,40,208,86,164,25,148,84,41,88,252,20,187,149,135,122,69,60,212,130,193,240,152,68,23,188,225,101,172,194,29,35,145,44,23,229,154,47,202,62,76,135,158,236,149,176,101,197,67,15,173,187,175,42,47,237,23,7,103,248,52,246,3,155,70,61,58,168,66,168,128,208,100,64,95,212,194,2,50,212,208,233,103,142,89,232,217,230,115,123,175,123,232,214,216,123,142,43,0,106,163,157,210,4,176,46,25,134,157,193,2,83,37,63,114,108,125,125,165,92,48,73,65,10,6,125,216
232,18,105,107,101,202,195,108,167,124,151,112,91,53,96,226,222,200,49,119,187,223,206,255,66,68,169,249,229,204,231,214,68,57,168,78,151,29,63,70,245,239,179,69,114,143,0,178,135,104,70,255,51,161,141,7,83,118,156,186,121,213,75,160,208,190,124,186,21,240,25,231,0,79,23,155,187,51,103,131,192,142,177,52,45,84,111,53,103,250,23,143,32,166,237,194,39,3,18,15,3,231,146,11,54,86,130,55,239,86,11,76,155,62,10,145,43,185,159,157,103,244,176,246,42,32,125,95,118,22,27,177,23,88,103,209,18,64,136,28,129,205,256,170,100,12,216,169,230,72,256,223,203,65,174,54,18,59,161,59,63,52,198,154,71,22,54,42,202,206,95,127,247,209,98,132,220,211,116,238,231,221,251,172,81,57,171,50,50,206,193,7,150,114,54,86,138,121,0,224,253,215,218,91,54,231,27,175,92,253,1,116,27,129,221,247,61,170,22,194,171,66,127,121,37,238,177,207,222,193,171,44,213,27,244,169,184,220,218,232,17,125,52,47,211,234,36,129,25,230,128,12,170,99,94,213,72,222,124,74,27,252,60,227,156,101,176,0,107,243,180,64,191,0,89,119,17,26,7,117,219,133,18,111,143,131,44,239,121,218,115,17,149,194,57,75,109,218,230,232,38,133,87,98,208,3,68,127,13,67,183,225,245,158,229,68,210,97,103,44,64,39,178,49,163,81,161,139,230,72,236,191,198,40,186,152,183,131,75,123,31,157,163,212,227,90,84,171,11,24,240,47,211,158,136,8,176,125,256,96,168,123,112,240,24,109,224,61,46,178,202,185,93,88,152,191,11,75,121,191,166,55,42,86,229,217,57,227,49,53,76,86,200,118,228,111,61,153,46,142,110,121,105,201,90,124,94,199,79,151,124,242,94,161,62,209,218,195,185,143,124,233,180,215,187,24,51,248,169,40,91,42,118,108,236,141,217,37,65,234,251,249,181,227,162,43,236,47,226,68,143,21,159,239,245,238,226,68,49,124,230,40,15,114,234,66,145,34,91,32,216,193,9,180,85,193,165,82,107,145,201,242,98,213,128,213,33,50,202,80,243,173,218,17,114,34,250,141,161,205,249,72,69,199,222,62,139,147,3,107,94,168,147,106,26,34,84,35,99,235,72,71,113,68,170,23,234,32,31,189,166,109,152,13,178,79,56,160,24,255,134,14,6,162,3,14,60,93,191,18,65,4,38,224,74,33,187,216,154,41,200,31,30,134,174,223,169,62,178,30,87,45,111,77,58,210,181,240,190,161,33,194,103,111,128,0,168,55,142,138,89,64,137,46,231,254,191,56,92,223,111,85,129,182,44,218,91,138,39,39,234,26,135,36,57,172,144,144,33,24,189,143,93,118,235,113,143,106,25,109,183,167,57,255,53,239,213,192,74,201,78,36,136,178,72,73,112,168,218,193,120,58,142,159,7,29,218,197,98,14,232,236,235,35,158,93,232,181,234,128,37,239,254,69,134,253,12,9,215,212,82,177,179,76,71,120,53,150,212,195,0,82,110,125,62,139,84,100,230,108,252,21,238,226,96,188,186,227,113,105,33,77,63,194,149,77,199,134,178,206,149,150,48,92,216,1,10,181,16,70,177,2,146,237,142,220,110,71,28,72,97,29,99,90,41,39,160,118,115,79,161,179,145,221,129,90,227,66,19,165,99,70,239,42,177,83,95,28,235,191,245,236,130,252,90,68,220,182,57,0,11,168,43,39
225,40,120,251,8,17,13,10,197,65,112,134,45,49,99,43,157,87,44,110,98,168,2,107,146,225,173,0,4,244,246,208,256,180,77,34,142,52,18,103,229,157,189,40,6,149,93,217,244,49,103,183,118,5,126,251,219,63,28,40,143,111,225,214,228,133,62,86,10,144,117,93,123,55,165,137,249,34,39,178,253,98,206,27,218,217,48,231,47,210,95,83,217,120,205,233,140,104,256,97,215,195,59,234,112,88,96,33,147,225,37,96,99,72,73,162,95,41,98,81,146,39,233,247,222,187,225,202,231,178,167,119,110,210,186,209,222,118,218,16,157,50,88,87,123,30,45,130,41,244,117,209,213,122,211,188,253,53,94,92,149,194,228,86,225,119,74,231,1,240,217,115,64,182,98,4,23,96,214,177,1,228,174,63,145,34,154,105,246,103,141,99,59,15,31,115,44,233,147,128,66,161,112,77,77,198,120,159,56,93,194,238,76,58,57,223,203,252,22,143,194,115,54,90,146,98,29,194,28,91,44,43,167,201,73,47,218,183,236,169,216,192,250,184,128,99,147,48,237,34,199,88,182,237,200,65,193,244,55,125,130,135,64,104,164,158,4,206,234,2,176,224,255,123,232,97,199,113,17,42,180,161,209,213,204,111,233,79,47,1,17,97,55,10,92,30,149,11,84,138,141,217,160,237,216,146,15,94,134,28,131,103,109,7,38,21,35,182,155,203,61,233,71,210,13,68,69,124,79,97,74,85,105,104,64,85,104,41,65,204,46,117,50,223,121,181,77,239,208,171,177,30,127,52,161,38,180,112,190,178,10,188,114,128,87,88,133,199,92,49,106,191,2,84,100,144,89,173,141,145,242,157,153,117,7,231,49,236,64,79,33,42,38,61,106,56,119,60,67,234,112,3,203,248,151,140,250,50,144,127,67,141,111,2,177,149,99,11,132,209,131,58,157,236,29,194,113,82,51,232,94,76,121,173,247,127,141,65,244,163,112,249,169,157,122,77,143,72,232,141,241,151,206,198,3,186,59,1,100,39,230,36,223,213,31,136,137,206,159,235,187,112,19,52,5,94,83,22,213,58,204,116,100,198,239,139,186,245,51,242,122,232,44,55,214,152,230,236,27,241,198,153,74,43,95,176,231,220,256,44,20,11,108,213,251,246,98,194,240,195,237,163,216,20,108,12,97,77,158,162,40,11,13,48,212,211,70,11,216,143,250,57,38,64,220,170,63,83,2,146,17,2,167,55,184,241,235,137,30,75,130,227,217,144,71,137,76,75,157,34,232,28,56,151,189,253,236,42,153,83,40,197,206,199,108,31,125,156,174,81,225,169,207,36,32,106,160,70,35,239,22,134,135,172,194,204,10,125,147,172,122,8,163,122,37,87,10,183,3,121,39,58,241,109,1,155,17,47,230,134,140,152,174,191,131,86,199,233,130,119,240,256,122,229,158,253,188,66,20,149,253,226,94,213,213,236,27,96,56,208,248,249,109,145,89,43,238,172,236,74,17,251,209,46,105,154,200,247,116,119,37,218,73,108,94,106,44,124,170,19,84,146,20,29,249,22,155,176,225,127,14,32,170,1,29,97,132,210,138,201,232,37,255,69,231,188,89,58,146,251,57,46,238,56,153,72,194,164,110,240,31,161,1,239,98,222,3,180,16,147,160,14,71,175,108,89,240,75,236,95,30,46,198,245,235,167,104,183,8,191,47,131,78,215,201,118,150,242,33,222,16,78,143,255,177,118,98,67,153,14,225,197,67,204
73,134,140,36,111,253,187,252,152,156,145,189,100,79,77,11,145,245,97,229,46,108,130,166,152,1,86,19,32,106,170,121,32,46,99,228,108,14,256,244,86,91,60,155,36,56,137,106,115,182,11,240,132,195,43,82,213,229,113,196,240,210,52,130,58,159,21,134,172,79,166,170,207,12,175,0,7,15,49,129,173,234,121,185,114,31,219,183,125,84,13,84,176,108,118,6,38,215,6,127,188,252,118,29,65,39,217,75,128,140,109,243,249,121,52,47,225,46,201,243,113,40,221,238,157,55,128,161,237,117,24,182,211,51,248,41,22,248,96,63,247,168,234,30,44,40,145,256,208,137,113,173,175,236,252,47,239,77,129,196,112,9,77,253,82,193,143,76,203,5,207,187,15,201,256,201,126,108,142,200,27,21,229,53,112,200,152,49,11,118,30,7,33,12,17,5,151,81,203,200,162,181,190,100,62,95,218,6,47,152,44,156,226,256,208,24,117,248,215,215,114,199,123,205,123,24,60,23,221,27,206,169,89,173,229,230,167,129,146,37,97,245,217,168,191,102,194,5,160,134,46,206,52,91,49,85,157,147,161,129,61,96,53,217,56,37,34,175,221,6,45,184,221,163,26,14,159,130,161,146,212,139,11,66,249,20,196,229,115,39,252,34,28,36,148,126,125,104,62,90,108,66,43,252,103,252,153,89,46,52,250,240,254,180,60,58,135,115,224,240,242,40,168,10,235,168,183,227,158,67,246,180,104,69,15,13,132,256,7,100,253,72,236,174,143,221,191,88,85,123,180,213,122,47,233,26,6,250,129,191,245,95,114,43,37,218,154,138,189,159,166,148,2,176,254,196,135,155,14,192,140,107,152,126,10,7,252,244,104,141,125,153,250,248,161,209,173,152,14,103,91,221,153,237,190,6,77,217,19,185,31,190,139,233,157,0,247,158,76,24,107,160,62,51,237,40,39,12,10,176,108,249,159,123,34,184,31,122,172,161,57,84,199,72,32,39,144,106,34,25,254,36,249,62,10,62,98,161,242,103,113,25,195,253,84,105,12,165,219,196,114,143,217,186,142,147,100,172,54,164,92,255,88,166,104,163,169,113,5,77,30,232,101,160,126,240,115,109,7,77,240,75,64,190,158,253,152,182,148,167,143,92,77,118,137,191,211,43,189,223,78,35,176,1,63,247,118,194,104,217,95,224,223,183,57,156,63,21,121,66,158,43,171,256,205,217,247,151,70,51,176,77,89,47,17,230,69,105,92,99,194,153,114,92,213,97,49,100,117,221,161,13,142,115,50,29,231,222,11,223,55,155,215,132,9,9,151,38,15,106,206,168,125,136,191,205,82,172,188,157,14,181,8,166,210,115,155,83,49,200,256,85,211,177,187,52,99,227,19,35,232,225,224,222,15,80,46,41,206,95,250,33,216,182,50,94,155,151,107,186,176,41,13,194,151,218,26,167,6,222,178,51,150,116,138,106,89,201,21,108,252,108,229,186,84,116,3,66,185,214,70,40,255,94,69,212,62,25,239,72,76,91,36,55,109,111,109,205,86,228,7,145,195,195,250,142,210,121,225,155,111,98,177,219,75,65,79,137,170,30,23,181,175,173,9,45,148,237,106,182,182,67,35,114,104,34,45,99,40,19,107,254,207,39,57,246,162,86,236,241,43,144,91,207,86,33,169,70,84,198,115,170,220,19,136,198,220,74,231,228,85,22,230,118,83,197,217,144,141,103,173,63,119,67,117,189,55,60,21,13,67,215,144,3
59,52,212,88,89,123,192,115,24,147,94,178,27,140,154,200,172,105,155,122,49,55,21,182,198,215,140,127,194,86,200,136,177,160,219,9,8,217,168,186,187,185,50,4,180,16,47,87,110,170,101,126,25,239,254,211,216,190,53,49,58,117,212,228,251,166,217,218,197,117,15,152,36,107,145,235,150,89,203,168,44,228,189,127,81,78,69,61,79,81,32,24,222,1,133,61,189,108,42,164,5,161,141,26,135,206,19,182,87,73,60,39,36,20,199,168,84,48,180,62,195,121,53,168,27,237,48,69,86,116,250,5,3,100,170,185,100,254,256,92,60,67,122,212,187,197,164,38,1,53,1,3,88,240,245,40,101,147,149,248,156,155,124,70,85,128,183,238,137,67,81,223,13,202,136,236,244,111,154,187,180,30,83,66,5,196,152,54,46,238,125,59,157,91,101,88,200,23,98,240,50,115,236,152,54,109,141,65,232,225,87,0,83,32,26,184,170,33,81,185,88,86,57,35,210,51,164,175,208,254,129,131,114,150,112,174,80,37,39,109,38,219,65,139,8,175,236,192,15,205,121,118,126,180,33,224,157,43,75,67,170,239,11,148,78,77,252,220,12,4,104,91,134,148,112,75,135,159,21,109,108,17,231,170,83,17,159,178,0,100,195,109,140,216,35,230,16,17,138,3,93,181,184,46,144,124,238,187,206,134,40,80,254,22,158,210,3,60,112,129,109,128,47,3,54,178,3,42,176,114,56,26,207,41,205,155,55,194,213,209,6,106,45,3,140,152,59,224,21,101,93,22,236,250,77,108,256,146,209,12,53,190,246,100,153,160,24,187,102,201,124,14,128,64,3,175,206,188,35,37,180,144,212,51,249,165,198,196,108,2,85,113,230,107,44,225,216,241,215,134,217,132,250,112,119,189,187,142,166,228,178,36,87,102,227,174,223,107,62,176,216,255,99,149,53,73,143,192,49,192,147,203,131,116,4,41,80,144,122,155,181,41,75,57,204,184,130,149,51,64,226,162,3,48,65,14,122,101,208,63,52,217,233,61,160,41,169,24,88,245,43,78,217,47,221,64,66,191,197,44,43,161,240,121,33,41,144,52,97,162,111,180,119,186,118,225,231,151,139,53,28,169,19,202,2,201,25,181,185,206,134,160,238,193,198,129,198,185,229,18,41,75,77,240,254,247,186,105,189,127,127,192,208,88,119,124,197,93,7,113,26,167,254,32,74,189,157,174,250,241,79,218,31,246,112,239,14,215,222,243,45,117,61,103,31,169,238,108,1,135,138,92,108,47,218,91,52,53,253,157,241,231,246,101,245,194,57,141,36,7,231,60,155,125,128,165,192,43,81,160,30,80,158,148,26,200,104,174,159,150,133,87,70,43,106,16,216,189,62,83,197,107,33,195,39,91,136,47,214,134,78,198,177,84,89,37,10,133,124,253,255,203,19,88,97,128,124,215,35,19,178,147,239,131,75,162,85,165,58,32,44,133,144,16,125,145,190,158,44,154,137,146,199,27,98,87,105,152,31,252,35,66,27,194,255,77,70,81,83,146,157,39,143,138,158,233,121,76,50,54,45,8,37,255,101,23,224,254,158,92,176,156,54,75,248,180,174,18,116,62,186,27,144,10,209,46,173,38,109,192,66,133,146,124,58,174,122,219,248,135,16,181,32,255,18,66,32,167,54,69,202,188,155,191,205,39,186,46,195,159,54,172,243,144,216,91,65,209,117,16,31,221,240,134,210,29,73,2,244,226,235,208,163,159
40,124,94,219,41,118,112,171,70,199,18,210,84,76,179,19,45,192,239,20,82,7,186,99,114,135,35,176,14,96,22,247,190,16,28,129,202,3,63,141,134,179,17,94,32,233,113,144,3,74,234,57,193,180,91,68,138,121,52,18,178,152,137,180,86,77,245,171,115,199,68,232,225,168,93,125,124,101,97,91,77,241,237,256,62,54,131,97,198,246,241,28,17,57,114,183,87,179,28,15,222,75,158,79,176,182,198,205,135,27,118,19,209,136,88,202,231,99,229,50,120,129,12,35,142,249,98,34,248,95,199,66,168,223,48,238,212,173,117,238,129,0,67,245,181,114,37,150,86,108,231,25,82,31,171,164,50,2,8,57,61,55,166,9,174,116,208,111,16,194,194,115,240,123,110,187,85,135,143,56,223,215,166,136,91,139,51,86,109,251,14,252,2,189,88,221,120,189,199,185,229,128,211,10,19,137,246,150,215,8,216,218,6,210,237,103,69,19,132,190,1,209,163,72,190,168,86,195,88,238,230,44,165,190,228,236,154,158,235,43,171,190,230,123,177,131,75,76,199,152,103,132,169,1,28,249,57,213,123,114,74,161,80,207,58,2,116,105,182,92,107,166,77,45,156,13,69,83,230,70,168,134,93,35,243,120,79,68,52,192,188,96,52,118,150,167,108,186,37,206,42,250,50,175,251,151,180,24,227,95,242,181,116,238,207,151,45,174,71,246,194,190,180,73,256,238,225,10,237,110,254,55,100,128,91,163,9,189,109,227,72,168,184,209,9,203,71,88,44,185,184,3,233,224,150,62,178,25,78,216,141,32,184,40,127,55,176,216,209,225,65,56,48,40,143,236,124,1,22,41,52,193,194,256,152,227,11,27,126,186,249,239,131,223,213,202,8,181,98,248,69,142,220,53,200,127,47,1,135,173,216,68,242,143,101,30,162,91,76,213,68,11,154,75,191,43,74,223,247,98,93,80,99,153,202,47,126,123,49,131,54,194,86,189,184,241,61,26,135,172,220,74,135,90,170,233,191,240,153,67,118,133,213,119,70,10,37,136,180,167,49,111,123,166,110,69,251,106,244,201,127,128,40,249,252,142,246,231,98,38,53,171,107,153,0,86,181,248,78,144,101,6,167,91,14,243,161,159,212,78,175,176,144,52,208,123,201,111,65,94,256,104,187,53,228,170,29,222,60,199,205,24,89,6,252,103,73,195,87,71,17,151,113,130,60,252,93,167,81,80,250,8,145,17,53,239,77,34,5,142,167,114,122,224,44,200,17,36,246,225,114,136,215,26,99,139,227,70,66,33,233,23,174,51,45,76,99,202,120,28,190,168,157,87,251,138,199,64,147,82,143,241,108,34,46,69,49,246,40,17,165,14,156,223,121,190,38,46,58,205,249,251,215,26,44,28,143,221,168,235,122,248,133,78,116,101,69,228,82,154,175,74,119,124,99,192,201,161,105,89,34,38,16,35,61,32,203,205,131,168,255,141,192,166,122,210,109,115,0,0,237,39,62,71,221,178,71,63,67,36,246,86,3,23,229,108,21,137,154,85,103,175,255,194,154,253,16,28,109,108,28,20,32,232,256,132,55,23,142,140,228,101,101,221,142,186,179,12,48,79,119,88,217,30,6,56,103,115,28,121,165,172,234,36,215,231,87,250,219,246,88,100,76,213,98,105,252,140,87,230,144,132,167,243,241,104,109,25,140,203,236,175,251,65,40,111,18,174,250,115,188,208,65,200,24,238,185,70,145,16,199,34,79,241
34,146,174,250,23,33,192,129,4,196,114,249,118,88,170,151,168,40,118,99,224,125,243,203,132,149,246,72,41,138,59,120,60,39,177,148,112,132,229,250,34,116,214,55,119,234,125,216,242,37,40,246,182,135,94,204,67,51,218,81,129,245,53,155,158,231,38,115,59,16,38,38,62,127,218,81,46,61,189,174,247,116,110,14,140,223,196,244,36,29,116,7,0,223,96,33,245,201,179,129,196,180,127,99,2,241,55,133,202,151,110,46,195,70,54,209,14,50,31,222,212,39,205,76,141,71,140,150,179,41,135,109,126,192,27,213,171,97,189,240,239,110,166,14,156,63,106,158,41,227,256,155,40,142,209,89,154,179,53,198,72,66,27,148,10,45,204,175,256,139,1,218,228,135,65,14,84,34,51,233,235,144,9,80,120,101,143,165,249,114,161,187,95,12,247,95,155,104,208,36,9,80,180,41,86,86,131,58,236,51,45,186,120,125,161,246,55,143,177,31,35,175,227,113,255,129,25,105,49,147,183,88,250,202,78,82,28,159,220,220,48,3,3,177,89,177,227,5,100,153,12,233,176,115,115,103,231,115,131,67,111,51,10,14,224,200,170,167,117,252,71,171,78,237,83,54,15,105,211,62,103,43,249,10,114,212,6,254,2,238,6,55,134,48,18,213,248,18,80,230,2,191,234,136,142,47,84,206,186,245,116,2,144,179,22,118,196,57,177,217,32,222,253,133,128,61,5,181,253,230,24,42,87,234,178,99,143,120,88,50,70,37,135,234,66,103,177,7,177,23,214,36,202,116,89,131,201,73,229,200,27,149,182,76,169,156,129,183,159,160,116,251,250,68,55,129,185,2,103,179,97,176,86,47,200,246,241,69,121,246,147,151,126,251,95,140,168,219,75,124,241,174,68,233,249,87,51,176,61,25,19,130,201,239,17,55,196,111,219,50,256,129,247,239,203,253,117,240,0,73,242,15,44,122,198,92,170,117,29,124,67,57,194,208,130,57,180,255,254,194,194,137,202,77,0,182,75,222,205,189,250,243,17,103,47,249,154,16,168,4,98,129,119,222,197,113,16,33,13,69,116,58,171,8,125,248,28,113,9,253,35,211,35,151,125,54,89,84,82,96,188,133,58,203,38,248,242,217,149,196,125,241,191,116,126,224,43,208,78,169,193,126,156,181,182,127,128,14,109,54,80,3,243,110,68,249,90,115,23,217,248,250,126,78,201,81,23,89,154,65,245,172,175,44,135,87,159,11,176,58,158,146,55,53,186,178,95,177,185,246,224,80,187,129,164,28,51,183,115,121,156,8,211,0,168,207,188,39,102,246,28,149,61,252,212,7,50,105,225,237,184,173,139,32,1,123,149,45,110,115,57,103,231,48,237,196,175,66,0,85,164,202,56,183,222,215,75,222,235,100,20,97,42,40,213,8,48,130,94,126,115,162,76,243,15,0,109,127,196,66,253,147,3,181,254,252,182,82,79,219,105,21,231,36,242,13,170,181,168,217,218,242,221,97,5,212,180,144,22,132,140,69,163,203,17,216,30,130,85,33,102,102,172,113,91,234,161,107,141,57,156,203,240,253,39,122,133,29,63,164,99,59,182,175,28,69,13,141,234,31,155,78,141,252,223,62,224,115,201,172,74,30,188,195,239,120,124,173,134,96,161,18,5,247,127,140,171,212,232,182,58,183,151,64,223,114,229,7,47,33,184,16,105,193,177,103,200,78,200,111,37,20,61,47,182,100,85,95,175,95,157,88,57,8
94,181,41,27,162,25,212,142,234,256,120,66,86,21,157,200,177,247,75,86,226,120,1,160,155,103,13,44,237,178,114,220,230,110,168,172,88,97,144,168,14,224,220,87,57,21,19,218,143,145,180,132,41,179,149,126,5,140,206,10,134,45,110,1,113,179,158,202,41,8,104,225,109,34,7,99,216,165,147,170,188,172,247,213,252,186,109,25,159,223,173,225,180,177,234,180,70,49,4,103,215,183,203,41,118,163,115,16,236,228,183,220,114,74,242,139,119,79,255,167,121,157,121,157,254,73,50,218,227,172,155,221,7,226,150,204,184,38,157,59,8,16,100,112,85,190,252,23,224,59,251,110,49,79,57,115,141,43,155,22,241,246,54,55,66,128,21,214,195,128,190,26,146,129,231,39,175,93,163,99,77,159,58,187,164,38,253,174,60,242,130,66,183,56,247,89,105,47,113,171,36,197,53,250,216,224,66,28,142,70,105,7,53,7,104,247,221,171,248,228,150,173,189,49,38,223,19,30,56,188,92,195,143,195,240,18,1,167,20,170,53,228,254,132,74,238,244,37,62,161,226,52,19,62,28,186,135,31,210,209,129,41,132,182,27,148,232,198,42,128,199,240,92,157,192,245,56,63,106,252,111,221,160,135,106,225,113,195,158,3,224,2,121,53,99,234,199,254,221,163,176,9,29,129,159,7,247,191,244,29,125,190,163,191,111,143,158,56,27,209,106,253,41,234,204,193,71,144,201,51,58,228,70,202,94,214,113,1,57,246,131,95,222,110,41,240,138,99,124,93,103,127,167,151,89,149,181,49,22,51,233,247,140,245,126,186,155,229,82,24,237,61,112,102,142,16,173,223,119,90,232,7,84,139,208,33,144,8,63,229,132,60,195,214,132,81,175,144,203,98,39,137,87,2,79,69,204,46,7,43,20,67,127,123,231,41,188,23,195,125,85,170,133,148,101,106,56,68,172,79,156,104,184,76,178,141,186,33,94,53,210,201,22,22,15,96,21,47,203,112,234,250,58,87,126,30,85,152,11,154,231,238,59,87,136,151,116,251,246,39,167,90,175,255,15,1,102,104,234,48,185,156,55,242,256,138,242,42,217,80,185,119,9,103,144,235,4,35,51,245,251,207,204,46,118,164,161,54,120,205,207,121,5,23,177,127,102,162,206,8,243,237,136,222,93,94,162,115,164,1,160,103,85,14,102,240,230,112,100,124,124,186,161,177,174,29,70,186,235,166,80,200,72,189,59,82,122,145,47,22,224,200,42,170,110,43,141,182,157,28,248,13,166,160,119,94,98,224,138,169,202,18,212,119,64,98,146,15,2,52,64,154,151,219,237,169,152,201,235,108,182,124,206,128,125,92,77,50,129,234,151,14,207,237,180,55,5,179,1,105,229,239,48,194,207,159,256,146,238,185,107,137,169,243,138,230,16,63,98,197,195,167,126,70,93,220,5,227,195,162,222,229,150,230,193,243,208,127,102,227,57,222,219,85,172,43,60,147,52,104,217,79,126,256,154,54,165,105,242,21,2,87,43,212,127,72,51,64,148,98,178,209,181,222,12,142,209,194,10,31,111,119,122,175,91,72,80,86,135,54,144,220,112,21,196,167,44,251,66,43,69,164,17,110,3,53,215,213,2,177,238,37,252,80,135,161,113,168,234,248,126,106,39,207,48,48,187,229,57,8,208,45,196,93,206,227,73,224,171,127,243,188,237,188,94,149,157,154,165,75,87,78,105,138,157,153,205,162,26,107,176,192,147,197
207,51,84,48,241,175,113,22,176,35,18,204,13,198,159,12,56,94,20,162,180,154,127,33,70,76,225,51,22,194,40,164,41,217,129,159,142,66,32,53,35,163,162,111,9,13,236,40,203,75,52,214,153,185,111,238,192,161,201,165,54,17,64,164,53,57,128,198,45,7,41,204,31,26,94,240,52,87,135,186,43,188,103,197,139,203,145,42,9,100,151,18,120,71,82,88,198,49,213,62,63,213,175,118,87,2,120,29,220,141,154,84,21,226,116,91,60,35,197,189,27,121,65,125,215,73,202,22,14,101,84,179,187,167,161,243,118,137,93,201,74,23,229,101,251,253,127,58,95,185,172,131,82,87,124,85,76,135,235,123,183,20,45,3,212,170,105,210,217,22,181,233,189,143,39,176,39,4,233,216,31,207,96,19,96,88,217,146,116,55,58,180,214,204,89,193,114,236,128,88,170,161,136,70,72,208,138,88,232,25,99,237,221,82,125,94,34,22,20,14,244,46,105,10,114,47,168,108,54,207,15,83,228,108,110,85,81,18,215,73,124,138,127,105,57,104,21,124,188,94,38,235,241,44,210,121,63,100,203,44,178,69,16,152,15,94,100,238,60,25,33,169,242,50,3,224,61,87,139,222,22,185,133,233,140,55,0,91,192,126,24,3,175,246,135,89,26,80,196,91,219,193,157,183,125,32,172,164,127,181,48,61,21,123,219,174,40,125,234,71,202,160,165,166,64,48,13,74,171,227,29,158,206,58,243,171,103,256,6,40,217,135,85,133,100,225,21,80,31,242,32,252,174,219,35,89,19,113,150,136,168,225,45,233,80,87,155,70,205,11,223,140,170,225,71,140,158,116,20,226,141,224,101,136,155,202,43,178,26,94,76,188,240,84,228,186,216,77,93,96,217,106,103,20,204,250,93,195,111,145,110,167,63,122,211,34,34,83,21,150,193,23,255,113,189,68,143,195,236,213,6,18,88,90,145,8,226,32,28,67,251,98,92,32,123,44,184,12,34,93,184,122,178,21,59,221,246,81,194,199,136,29,224,212,10,25,2,43,100,22,232,220,75,135,192,7,111,151,51,200,67,13,117,40,246,62,254,105,191,1,216,140,180,195,209,233,1,100,230,154,254,227,201,67,242,140,136,112,33,242,117,93,64,240,66,155,79,120,37,90,238,89,163,102,23,227,58,128,143,113,122,209,123,239,121,155,86,220,83,188,83,213,82,75,75,183,256,245,44,100,161,39,192,240,148,17,11,17,252,160,192,183,199,144,120,83,59,23,211,174,178,153,189,58,56,165,3,147,88,47,80,96,19,115,118,246,15,239,235,242,144,175,76,241,148,128,230,42,195,196,123,160,131,68,141,43,227,119,177,202,201,206,208,243,121,30,246,247,103,46,197,168,8,157,103,120,49,51,71,193,40,247,4,145,215,28,108,159,227,0,256,235,243,19,3,161,9,37,69,50,41,234,216,215,20,155,149,87,183,189,142,199,183,39,10,247,170,84,33,100,211,83,132,202,170,124,48,20,173,215,144,113,56,203,136,2,211,230,112,43,92,206,22,180,60,255,251,177,197,1,155,180,94,235,173,46,26,246,61,108,121,124,18,49,89,159,170,179,153,119,33,175,126,256,228,4,104,203,248,248,149,139,91,11,207,181,92,85,129,237,159,232,70,253,62,22,192,71,194,151,106,13,12,157,19,191,226,252,24,252,22,136,60,21,197,166,26,242,78,183,249,51,93,49,117,36,130,21,141,194,248,67,115,98
24,108,139,99,119,17,210,222,29,115,28,65,99,67,149,222,209,157,167,256,220,197,70,145,86,4,51,182,161,241,31,80,185,175,237,137,133,42,13,224,172,213,94,141,105,238,217,123,229,103,160,177,133,192,231,43,231,215,90,149,26,205,201,82,52,108,63,141,85,77,88,198,248,187,219,34,117,94,195,207,45,108,218,132,75,79,43,147,187,87,64,17,243,93,64,163,186,104,122,114,195,27,49,95,37,163,86,20,246,233,120,68,60,3,214,206,216,3,125,63,219,238,21,84,121,132,87,245,106,169,2,110,4,76,184,118,12,142,11,189,244,2,90,98,183,80,174,171,147,58,46,106,134,253,240,195,77,29,110,72,122,168,211,68,37,210,232,83,47,121,182,225,205,5,153,106,78,249,62,144,189,100,127,103,135,34,201,137,172,160,127,81,25,125,160,135,242,140,186,37,55,180,68,166,145,235,20,16,48,1,239,181,142,31,201,188,202,253,96,177,26,30,29,36,9,189,142,108,98,242,118,117,146,222,217,103,97,185,22,66,199,214,124,41,13,37,185,80,225,98,224,147,21,117,255,157,197,155,33,50,35,86,18,207,171,148,217,230,5,96,0,231,6,208,54,35,130,234,226,229,147,140,192,1,72,91,176,28,69,25,11,70,123,184,40,212,165,42,45,24,29,256,66,26,59,53,35,26,243,92,186,83,217,5,157,197,11,140,217,100,219,203,162,152,66,219,34,101,59,256,221,99,159,175,5,44,176,57,99,185,4,158,10,190,239,252,116,230,76,87,139,58,111,224,249,246,25,103,65,139,88,29,247,46,239,122,232,174,127,44,149,131,100,250,68,222,159,253,134,226,219,255,179,119,131,14,67,87,128,102,193,183,56,228,167,89,247,244,147,219,200,2,169,222,21,200,215,191,250,126,123,23,124,90,26,190,200,111,138,14,173,38,147,213,222,193,251,180,48,87,187,50,88,255,11,124,248,155,142,135,159,243,22,73,193,128,224,97,229,155,94,149,250,125,236,62,113,153,120,113,195,219,117,155,124,193,43,243,64,164,48,209,67,146,49,91,230,169,230,94,232,10,146,26,162,195,3,29,115,215,82,176,119,236,256,127,28,169,31,231,136,181,145,135,200,229,99,151,106,194,148,184,88,44,244,156,213,59,128,143,13,55,162,133,6,73,102,151,3,124,73,14,13,37,123,253,226,28,206,83,52,67,246,114,89,153,15,6,205,102,208,42,90,216,35,129,12,85,222,109,6,64,227,34,4,237,157,117,141,29,243,143,192,109,48,70,152,32,227,251,106,247,121,114,108,56,98,50,3,71,169,215,158,239,239,47,151,31,125,144,80,27,250,223,71,50,178,227,71,6,213,119,256,188,128,196,65,12,77,33,40,154,236,172,58,132,225,213,15,88,42,60,199,20,156,55,30,161,22,2,122,179,104,7,65,252,213,174,194,250,106,135,91,33,200,74,204,150,78,207,52,218,181,177,70,189,20,238,182,123,215,256,131,80,66,10,140,25,41,250,197,123,248,204,226,139,4,255,113,112,237,133,138,113,231,93,227,45,105,87,123,228,137,90,240,22,49,148,227,124,108,88,118,74,35,130,213,183,255,16,87,180,17,117,182,95,5,233,53,15,223,70,103,87,227,224,191,250,16,85,203,206,65,10,173,242,0,47,122,252,125,94,248,176,162,234,102,216,255,136,182,225,37,169,244,9,76,177,22,148,94,149,178,77,230,81,25,240,243,23,8,139,106,80
52,233,145,98,18,204,146,239,236,165,183,204,246,46,121,119,223,175,176,72,231,80,63,20,82,150,74,28,21,233,6,249,164,113,85,115,52,159,249,234,153,200,84,2,108,50,128,224,171,151,39,141,201,80,38,189,35,217,200,41,163,150,33,224,236,3,60,100,136,125,63,87,15,68,25,67,25,116,159,169,111,139,154,186,10,60,111,62,88,154,61,61,102,46,26,206,194,57,18,163,136,35,19,73,50,185,185,197,121,62,182,233,185,84,66,42,244,135,91,144,179,49,36,86,43,108,46,27,14,256,37,164,90,183,198,56,54,34,113,65,174,4,126,160,48,196,124,34,76,114,34,90,54,141,141,244,48,44,248,245,252,24,205,206,159,76,97,36,140,70,157,46,186,229,39,239,25,51,69,110,52,134,1,107,54,72,144,131,152,46,11,96,162,51,156,232,149,63,123,220,138,143,152,63,150,3,16,98,9,98,167,101,1,171,3,188,193,96,131,113,202,215,52,144,60,45,23,216,212,168,216,256,159,96,61,245,51,89,5,2,244,85,30,4,115,137,53,57,145,130,235,248,240,115,70,92,185,135,119,197,110,243,31,153,105,242,25,228,175,249,117,121,206,64,57,85,210,122,179,119,145,250,210,231,62,204,140,47,163,217,139,24,82,236,0,198,236,141,125,140,42,85,8,31,51,209,133,194,150,170,153,137,11,230,131,24,19,209,166,102,168,188,93,37,220,178,0,52,81,131,206,31,44,150,153,172,212,94,250,240,27,30,172,209,80,219,152,26,205,80,163,191,82,21,188,36,47,197,100,158,166,2,221,140,256,133,128,100,58,222,142,16,70,239,189,65,110,186,39,227,19,126,223,99,32,207,193,168,74,39,22,71,67,21,112,167,18,43,219,68,244,163,255,122,3,68,122,123,121,149,215,83,71,116,122,145,120,244,14,189,144,36,96,104,59,190,149,117,6,57,168,104,29,22,214,97,100,44,57,157,111,27,83,105,52,144,221,211,54,200,78,6,227,240,33,74,222,9,112,94,201,43,152,2,248,119,238,124,21,79,180,139,105,115,8,139,165,244,243,136,197,167,194,108,25,206,185,10,251,13,90,216,162,77,203,209,82,64,128,245,100,185,179,220,137,241,132,242,161,233,234,126,254,78,45,255,12,131,75,105,122,222,88,174,166,241,74,195,60,144,22,119,70,56,26,200,95,92,143,193,174,43,156,254,181,27,80,232,249,95,37,153,214,130,77,84,41,107,86,105,24,57,37,161,124,138,199,235,60,218,66,196,208,148,246,4,67,13,56,192,222,87,144,249,138,188,25,66,247,87,164,174,118,206,144,127,224,223,208,46,65,28,31,26,142,220,53,172,194,226,226,29,93,183,190,119,82,153,254,11,209,156,160,245,171,63,136,100,182,234,47,96,69,248,176,175,12,34,116,15,112,73,43,104,116,183,33,127,201,213,174,84,34,234,25,137,247,78,156,201,173,221,58,127,79,217,256,22,69,254,8,228,176,46,224,231,238,142,44,19,174,65,221,193,34,136,89,138,198,204,102,82,217,106,0,142,92,250,104,135,169,191,164,58,252,90,16,79,166,141,40,183,66,10,38,121,36,41,98,255,210,12,250,230,112,191,216,0,8,125,240,57,183,180,228,83,4,86,194,211,130,59,245,143,48,189,220,27,203,230,85,96,101,7,48,28,167,222,191,72,96,191,153,63,238,22,118,141,11,163,86,162,142,222,92,115,133,52,208,224,59,122,197,241
